Position,Const,Created,Modified,Description,Title,URL,Title Type,Douban Rating,Runtime (mins),Year,Genres,Num Votes,Release Date,Directors
1,tt0111161,2016/9/27,2016/9/27,,The Shawshank Redemption,https://www.imdb.com/title/tt0111161/,movie,9.7,142,1994,Drama,2671272,1994/9/10,Frank Darabont
2,tt0110413,2016/9/27,2016/9/27,,Léon,https://www.imdb.com/title/tt0110413/,movie,9.6,110,1994,"Action, Crime, Drama, Thriller",1158832,1994/9/14,Luc Besson
3,tt0106332,2016/9/27,2016/9/27,,Ba wang bie ji,https://www.imdb.com/title/tt0106332/,movie,9.5,171,1993,"Drama, Music, Romance",29596,1993/1/1,Kaige Chen
4,tt0109830,2016/9/27,2016/9/27,,Forrest Gump,https://www.imdb.com/title/tt0109830/,movie,9.4,142,1994,"Drama, Romance",2071285,1994/6/23,Robert Zemeckis
5,tt0118799,2016/9/27,2016/9/27,,La vita è bella,https://www.imdb.com/title/tt0118799/,movie,9.5,116,1997,"Comedy, Drama, Romance, War",694346,1997/12/20,Roberto Benigni
6,tt0245429,2016/9/27,2016/9/27,,Sen to Chihiro no kamikakushi,https://www.imdb.com/title/tt0245429/,movie,9.4,125,2001,"Animation, Adventure, Family, Fantasy, Mystery",761819,2001/7/20,Hayao Miyazaki
7,tt0108052,2016/9/27,2016/9/27,,Schindler's List,https://www.imdb.com/title/tt0108052/,movie,9.4,195,1993,"Biography, Drama, History",1352326,1993/11/30,Steven Spielberg
8,tt0120731,2016/9/27,2016/9/27,,La leggenda del pianista sull'oceano,https://www.imdb.com/title/tt0120731/,movie,9.5,169,1998,"Drama, Music, Romance",65044,1998/10/28,Giuseppe Tornatore
9,tt0910970,2016/9/27,2016/9/27,,WALL·E,https://www.imdb.com/title/tt0910970/,movie,9.3,98,2008,"Animation, Adventure, Family, Sci-Fi",1114058,2008/6/21,Andrew Stanton
10,tt1375666,2016/9/27,2016/9/27,,Inception,https://www.imdb.com/title/tt1375666/,movie,9.4,148,2010,"Action, Adventure, Sci-Fi, Thriller",2343541,2010/7/8,Christopher Nolan
11,tt0120338,2016/9/27,2016/9/27,,Titanic,https://www.imdb.com/title/tt0120338/,movie,9.3,194,1997,"Drama, Romance",1171237,1997/11/1,James Cameron
12,tt1187043,2016/9/27,2016/9/27,,3 Idiots,https://www.imdb.com/title/tt1187043/,movie,9.3,170,2009,"Comedy, Drama",400947,2009/11/9,Rajkumar Hirani
13,tt0372824,2016/9/27,2016/9/27,,Les choristes,https://www.imdb.com/title/tt0372824/,movie,9.2,97,2004,"Comedy, Drama, Music",63009,2004/3/17,Christophe Barratier
14,tt1028532,2016/9/27,2016/9/27,,Hachi: A Dog's Tale,https://www.imdb.com/title/tt1028532/,movie,9.3,93,2009,"Biography, Drama, Family",286155,2009/6/13,Lasse Hallström
15,tt0114996,2016/9/27,2016/9/27,,Sai yau gei: Sin leui kei yun,https://www.imdb.com/title/tt0114996/,movie,9.3,98,1995,"Action, Adventure, Comedy, Fantasy, Romance",7704,1995/2/4,Jeffrey Lau
16,tt0096283,2016/9/27,2016/9/27,,Tonari no Totoro,https://www.imdb.com/title/tt0096283/,movie,9.3,86,1988,"Animation, Comedy, Family, Fantasy",340176,1988/4/16,Hayao Miyazaki
17,tt0068646,2016/9/27,2016/9/27,,The Godfather,https://www.imdb.com/title/tt0068646/,movie,9.2,175,1972,"Crime, Drama",1851323,1972/3/14,Francis Ford Coppola
18,tt0031381,2016/9/27,2016/9/27,,Gone with the Wind,https://www.imdb.com/title/tt0031381/,movie,9.3,238,1939,"Drama, Romance, War",316583,1939/12/15,"Sam Wood, George Cukor, Victor Fleming"
19,tt0095765,2016/9/27,2016/9/27,,Nuovo Cinema Paradiso,https://www.imdb.com/title/tt0095765/,movie,9.2,155,1988,"Drama, Romance",261777,1988/9/29,Giuseppe Tornatore
20,tt0120382,2016/9/27,2016/9/27,,The Truman Show,https://www.imdb.com/title/tt0120382/,movie,9.2,103,1998,"Comedy, Drama",1079147,1998/6/1,Peter Weir
21,tt0454921,2016/9/27,2016/9/27,,The Pursuit of Happyness,https://www.imdb.com/title/tt0454921/,movie,9.2,117,2006,"Biography, Drama",513387,2006/12/15,Gabriele Muccino
22,tt0137523,2016/9/27,2016/9/27,,Fight Club,https://www.imdb.com/title/tt0137523/,movie,9.3,139,1999,Drama,2116680,1999/9/10,David Fincher
23,tt1675434,2016/9/27,2016/9/27,,Intouchables,https://www.imdb.com/title/tt1675434/,movie,9.1,112,2011,"Biography, Comedy, Drama",856870,2011/9/23,"Olivier Nakache, _ric Toledano"
24,tt0167260,2016/9/27,2016/9/27,,The Lord of the Rings: The Return of the King,https://www.imdb.com/title/tt0167260/,movie,9.1,201,2003,"Action, Adventure, Drama, Fantasy",1841023,2003/12/1,Peter Jackson
25,tt0050083,2016/9/27,2016/9/27,,12 Angry Men,https://www.imdb.com/title/tt0050083/,movie,9.2,96,1957,"Crime, Drama",788993,1957/4/10,Sidney Lumet
26,tt0046250,2016/9/27,2016/9/27,,Roman Holiday,https://www.imdb.com/title/tt0046250/,movie,9.2,118,1953,"Comedy, Romance",139506,1953/8/20,William Wyler
27,tt0817177,2016/9/27,2016/9/27,,Flipped,https://www.imdb.com/title/tt0817177/,movie,9.6,90,2010,"Comedy, Drama, Romance",90992,2010/7/26,Rob Reiner
28,tt0092067,2016/9/27,2016/9/27,,Tenkû no shiro Rapyuta,https://www.imdb.com/title/tt0092067/,movie,9.2,125,1986,"Animation, Adventure, Family, Fantasy",167624,1986/8/2,Hayao Miyazaki
29,tt0338564,2016/9/27,2016/9/27,,Mou gaan dou,https://www.imdb.com/title/tt0338564/,movie,9.3,101,2002,"Action, Crime, Drama, Mystery, Thriller",125549,2002/12/12,"Andrew Lau, Alan Mak"
30,tt0120735,2016/9/27,2016/9/27,,"Lock, Stock and Two Smoking Barrels",https://www.imdb.com/title/tt0120735/,movie,9.1,107,1998,"Action, Comedy, Crime",583076,1998/8/23,Guy Ritchie
31,tt1049413,2016/9/27,2016/9/27,,Up,https://www.imdb.com/title/tt1049413/,movie,9.2,96,2009,"Animation, Adventure, Comedy, Drama, Family",1042524,2009/5/13,"Pete Docter, Bob Peterson"
32,tt0112778,2016/9/27,2016/9/27,,Sai yau gei: Yut gwong bou haap,https://www.imdb.com/title/tt0112778/,movie,9.0,87,1995,"Action, Adventure, Comedy, Drama, Fantasy",7544,1995/1/21,Jeffrey Lau
33,tt0454876,2016/9/27,2016/9/27,,Life of Pi,https://www.imdb.com/title/tt0454876/,movie,9.2,127,2012,"Adventure, Drama, Fantasy",631629,2012/9/28,Ang Lee
34,tt0073486,2016/9/27,2016/9/27,,One Flew Over the Cuckoo's Nest,https://www.imdb.com/title/tt0073486/,movie,9.1,133,1975,Drama,1006735,1975/11/19,Milos Forman
35,tt0245929,2016/9/27,2016/9/27,,Guizi lai le,https://www.imdb.com/title/tt0245929/,movie,9.1,139,2000,"Comedy, Drama, War",7930,2000/5/13,Wen Jiang
36,tt1313104,2016/9/27,2016/9/27,,The Cove,https://www.imdb.com/title/tt1313104/,movie,9.0,92,2009,"Documentary, Biography, Crime, History",49892,2009/4/25,Louie Psihoyos
37,tt2070649,2016/9/27,2016/9/27,,Do-ga-ni,https://www.imdb.com/title/tt2070649/,movie,9.4,125,2011,Drama,17700,2011/9/22,Hwang Dong-hyuk
38,tt0468569,2016/9/27,2016/9/27,,The Dark Knight,https://www.imdb.com/title/tt0468569/,movie,9.2,152,2008,"Action, Crime, Drama, Thriller",2644074,2008/7/14,Christopher Nolan
39,tt0405094,2016/9/27,2016/9/27,,Das Leben der Anderen,https://www.imdb.com/title/tt0405094/,movie,9.1,137,2006,"Drama, Mystery, Thriller",390420,2006/3/15,Florian Henckel von Donnersmarck
40,tt0110081,2016/9/27,2016/9/27,,Huo zhe,https://www.imdb.com/title/tt0110081/,movie,9.2,133,1994,"Drama, War",18668,1994/5/17,Yimou Zhang
41,tt0434409,2016/9/27,2016/9/27,,V for Vendetta,https://www.imdb.com/title/tt0434409/,movie,9.1,132,2005,"Action, Drama, Sci-Fi, Thriller",1121849,2005/12/11,James McTeigue
42,tt0105323,2016/9/27,2016/9/27,,Scent of a Woman,https://www.imdb.com/title/tt0105323/,movie,9.0,156,1992,Drama,298208,1992/12/23,Martin Brest
43,tt0211915,2016/9/27,2016/9/27,,Le fabuleux destin d'Amélie Poulain,https://www.imdb.com/title/tt0211915/,movie,9.2,122,2001,"Comedy, Romance",757150,2001/4/25,Jean-Pierre Jeunet
44,tt0268978,2016/9/27,2016/9/27,,A Beautiful Mind,https://www.imdb.com/title/tt0268978/,movie,9.0,135,2001,"Biography, Drama",932322,2001/12/13,Ron Howard
45,tt0167261,2016/9/27,2016/9/27,,The Lord of the Rings: The Two Towers,https://www.imdb.com/title/tt0167261/,movie,9.1,179,2002,"Action, Adventure, Drama, Fantasy",1662390,2002/12/5,Peter Jackson
46,tt0120737,2016/9/27,2016/9/27,,The Lord of the Rings: The Fellowship of the Ring,https://www.imdb.com/title/tt0120737/,movie,9.0,178,2001,"Action, Adventure, Drama, Fantasy",1870257,2001/12/10,Peter Jackson
47,tt0071562,2016/9/27,2016/9/27,,The Godfather Part II,https://www.imdb.com/title/tt0071562/,movie,9.2,202,1974,"Crime, Drama",1267668,1974/12/12,Francis Ford Coppola
48,tt0347149,2016/9/27,2016/9/27,,Hauru no ugoku shiro,https://www.imdb.com/title/tt0347149/,movie,9.0,119,2004,"Animation, Adventure, Family, Fantasy",395895,2004/9/5,Hayao Miyazaki
49,tt0816692,2016/9/27,2016/9/27,,Interstellar,https://www.imdb.com/title/tt0816692/,movie,9.0,169,2014,"Adventure, Drama, Sci-Fi",1819818,2014/10/26,Christopher Nolan
50,tt0114369,2016/9/27,2016/9/27,,Se7en,https://www.imdb.com/title/tt0114369/,movie,9.1,127,1995,"Crime, Drama, Mystery, Thriller",1647056,1995/9/15,David Fincher
51,tt0113703,2016/9/27,2016/9/27,,Love Letter,https://www.imdb.com/title/tt0113703/,movie,9.2,117,1995,"Drama, Romance",9493,1995/3/25,Shunji Iwai
52,tt0097165,2016/9/27,2016/9/27,,Dead Poets Society,https://www.imdb.com/title/tt0097165/,movie,9.0,128,1989,"Comedy, Drama",491652,1989/6/2,Peter Weir
53,tt0087843,2016/9/27,2016/9/27,,Once Upon a Time in America,https://www.imdb.com/title/tt0087843/,movie,9.1,229,1984,"Crime, Drama",352840,1984/5/20,Sergio Leone
54,tt0112573,2016/9/27,2016/9/27,,Braveheart,https://www.imdb.com/title/tt0112573/,movie,9.3,178,1995,"Biography, Drama, History, War",1037172,1995/5/18,Mel Gibson
55,tt0099487,2016/9/27,2016/9/27,,Edward Scissorhands,https://www.imdb.com/title/tt0099487/,movie,9.1,105,1990,"Drama, Fantasy, Romance",493088,1990/12/6,Tim Burton
56,tt0253474,2016/9/27,2016/9/27,,The Pianist,https://www.imdb.com/title/tt0253474/,movie,9.0,150,2002,"Biography, Drama, Music, War",830796,2002/5/24,Roman Polanski
57,tt0482571,2016/9/27,2016/9/27,,The Prestige,https://www.imdb.com/title/tt0482571/,movie,9.0,130,2006,"Drama, Mystery, Sci-Fi, Thriller",1330145,2006/10/17,Christopher Nolan
58,tt0110357,2016/9/27,2016/9/27,,The Lion King,https://www.imdb.com/title/tt0110357/,movie,9.1,88,1994,"Animation, Adventure, Drama, Family, Musical",1056023,1994/6/12,"Rob Minkoff, Roger Allers"
59,tt0768120,2016/9/27,2016/9/27,,Kiraware Matsuko no isshô,https://www.imdb.com/title/tt0768120/,movie,9.0,130,2006,"Comedy, Drama, Musical, Mystery",7973,2006/5/27,Tetsuya Nakashima
60,tt0059742,2016/9/27,2016/9/27,,The Sound of Music,https://www.imdb.com/title/tt0059742/,movie,9.2,172,1965,"Biography, Drama, Family, Musical, Romance",235740,1965/3/2,Robert Wise
61,tt0118849,2016/9/27,2016/9/27,,Bacheha-Ye aseman,https://www.imdb.com/title/tt0118849/,movie,9.1,89,1997,"Drama, Family, Sport",75401,1997/2/1,Majid Majidi
62,tt0110912,2016/9/27,2016/9/27,,Pulp Fiction,https://www.imdb.com/title/tt0110912/,movie,9.0,154,1994,"Crime, Drama",2046229,1994/5/21,Quentin Tarantino
63,tt1069238,2016/9/27,2016/9/27,,Okuribito,https://www.imdb.com/title/tt1069238/,movie,9.1,130,2008,Drama,52557,2008/8/23,Yôjirô Takita
64,tt0289879,2016/9/27,2016/9/27,,The Butterfly Effect,https://www.imdb.com/title/tt0289879/,movie,8.9,113,2004,"Drama, Sci-Fi, Thriller",491452,2004/1/17,"J. Mackye Gruber, Eric Bress"
65,tt0978762,2016/9/27,2016/9/27,,Mary and Max.,https://www.imdb.com/title/tt0978762/,movie,8.9,92,2009,"Animation, Comedy, Drama",178061,2009/1/15,Adam Elliot
66,tt0102926,2016/9/27,2016/9/27,,The Silence of the Lambs,https://www.imdb.com/title/tt0102926/,movie,8.8,118,1991,"Crime, Drama, Thriller",1429234,1991/1/30,Jonathan Demme
67,tt0421715,2016/9/27,2016/9/27,,The Curious Case of Benjamin Button,https://www.imdb.com/title/tt0421715/,movie,8.8,166,2008,"Drama, Fantasy, Romance",652100,2008/12/10,David Fincher
68,tt3404140,2016/9/27,2016/9/27,,Byeon-ho-in,https://www.imdb.com/title/tt3404140/,movie,8.9,127,2013,Drama,6744,2013/12/18,WooSuk Yang
69,tt0133093,2016/9/27,2016/9/27,,The Matrix,https://www.imdb.com/title/tt0133093/,movie,9.2,136,1999,"Action, Sci-Fi",1908039,1999/3/24,"Lilly Wachowski, Lana Wachowski"
70,tt0111797,2016/9/27,2016/9/27,,Yin shi nan nu,https://www.imdb.com/title/tt0111797/,movie,9.0,124,1994,"Comedy, Drama, Romance",21495,1994/5/13,Ang Lee
71,tt0120815,2016/9/27,2016/9/27,,Saving Private Ryan,https://www.imdb.com/title/tt0120815/,movie,8.9,169,1998,"Drama, War",1388220,1998/7/21,Steven Spielberg
72,tt0213847,2016/9/27,2016/9/27,,Malèna,https://www.imdb.com/title/tt0213847/,movie,9.3,108,2000,"Drama, Romance, War",103852,2000/10/26,Giuseppe Tornatore
73,tt0119698,2016/9/27,2016/9/27,,Mononoke-hime,https://www.imdb.com/title/tt0119698/,movie,8.9,134,1997,"Animation, Action, Adventure, Fantasy",395183,1997/7/12,Hayao Miyazaki
74,tt0119217,2016/9/27,2016/9/27,,Good Will Hunting,https://www.imdb.com/title/tt0119217/,movie,9.1,126,1997,"Drama, Romance",967396,1997/12/2,Gus Van Sant
75,tt0167404,2016/9/27,2016/9/27,,The Sixth Sense,https://www.imdb.com/title/tt0167404/,movie,9.2,107,1999,"Drama, Mystery, Thriller",991702,1999/8/2,M. Night Shyamalan
76,tt0319061,2016/9/27,2016/9/27,,Big Fish,https://www.imdb.com/title/tt0319061/,movie,9.0,125,2003,"Adventure, Drama, Fantasy, Romance",442685,2003/12/4,Tim Burton
77,tt0051201,2016/9/27,2016/9/27,,Witness for the Prosecution,https://www.imdb.com/title/tt0051201/,movie,9.2,116,1957,"Crime, Drama, Mystery, Thriller",126227,1957/12/17,Billy Wilder
78,tt0111786,2016/9/27,2016/9/27,,Yang guang can lan de ri zi,https://www.imdb.com/title/tt0111786/,movie,8.9,134,1994,"Drama, Romance",4887,1994/12/31,Wen Jiang
79,tt1533117,2016/9/27,2016/9/27,,Rang zi dan fei,https://www.imdb.com/title/tt1533117/,movie,8.8,132,2010,"Action, Comedy, Drama, Western",11708,2010/12/16,Wen Jiang
80,tt0108074,2016/9/27,2016/9/27,,Se diu ying hung: Dung sing sai jau,https://www.imdb.com/title/tt0108074/,movie,8.8,103,1993,"Action, Comedy, Fantasy",2853,1993/2/5,Jeffrey Lau
81,tt1937339,2016/9/27,2016/9/27,,Sseo-ni,https://www.imdb.com/title/tt1937339/,movie,8.8,124,2011,"Comedy, Drama",6038,2011/5/4,Hyeong-Cheol Kang
82,tt0317248,2016/9/27,2016/9/27,,Cidade de Deus,https://www.imdb.com/title/tt0317248/,movie,8.8,130,2002,"Crime, Drama",756449,2002/5/18,"Kátia Lund, Fernando Meirelles"
83,tt0059855,2016/9/27,2016/9/27,,Da nao tian gong,https://www.imdb.com/title/tt0059855/,movie,8.8,114,1963,"Animation, Action, Adventure, Family, Fantasy",2127,1963/12/31,"Wan Laiming, Cheng Tang"
84,tt0118845,2016/9/27,2016/9/27,,Chun gwong cha sit,https://www.imdb.com/title/tt0118845/,movie,8.9,96,1997,"Drama, Romance",30221,1997/5/17,Kar-Wai Wong
85,tt3153634,2016/9/27,2016/9/27,,So-won,https://www.imdb.com/title/tt3153634/,movie,8.9,122,2013,Drama,8005,2013/10/2,Joon-ik Lee
86,tt0109424,2016/9/27,2016/9/27,,Chung Hing sam lam,https://www.imdb.com/title/tt0109424/,movie,8.8,102,1994,"Comedy, Crime, Drama, Mystery, Romance",83223,1994/7/14,Kar-Wai Wong
87,tt0095327,2016/9/27,2016/9/27,,Hotaru no haka,https://www.imdb.com/title/tt0095327/,movie,8.9,89,1988,"Animation, Drama, War",277854,1988/4/16,Isao Takahata
88,tt1130884,2016/9/27,2016/9/27,,Shutter Island,https://www.imdb.com/title/tt1130884/,movie,8.7,138,2010,"Mystery, Thriller",1310245,2010/2/13,Martin Scorsese
89,tt0309698,2016/9/27,2016/9/27,,Identity,https://www.imdb.com/title/tt0309698/,movie,9.3,90,2003,"Mystery, Thriller",250817,2003/4/23,James Mangold
90,tt1590089,2016/9/27,2016/9/27,,Kokuhaku,https://www.imdb.com/title/tt1590089/,movie,8.7,106,2010,"Drama, Thriller",39673,2010/6/5,Tetsuya Nakashima
91,tt0117905,2016/9/27,2016/9/27,,Tian mi mi,https://www.imdb.com/title/tt0117905/,movie,8.9,118,1996,"Drama, Romance",6518,1996/11/2,Peter Ho-Sun Chan
92,tt0244316,2016/9/27,2016/9/27,,Yi yi,https://www.imdb.com/title/tt0244316/,movie,8.7,173,2000,"Drama, Romance",25047,2000/5/15,Edward Yang
93,tt0112471,2016/9/27,2016/9/27,,Before Sunrise,https://www.imdb.com/title/tt0112471/,movie,8.7,101,1995,"Drama, Romance",309338,1995/1/19,Richard Linklater
94,tt0325980,2016/9/27,2016/9/27,,Pirates of the Caribbean: The Curse of the Black Pearl,https://www.imdb.com/title/tt0325980/,movie,8.8,143,2003,"Action, Adventure, Fantasy",1126209,2003/6/28,Gore Verbinski
95,tt0499549,2016/9/27,2016/9/27,,Avatar,https://www.imdb.com/title/tt0499549/,movie,8.8,162,2009,"Action, Adventure, Fantasy, Sci-Fi",1256843,2009/12/10,James Cameron
96,tt0087544,2016/9/27,2016/9/27,,Kaze no tani no Naushika,https://www.imdb.com/title/tt0087544/,movie,8.8,117,1984,"Animation, Adventure, Sci-Fi",170290,1984/3/11,Hayao Miyazaki
97,tt0381681,2016/9/27,2016/9/27,,Before Sunset,https://www.imdb.com/title/tt0381681/,movie,8.8,80,2004,"Drama, Romance",265347,2004/2/10,Richard Linklater
98,tt0113824,2016/9/27,2016/9/27,,Mimi wo sumaseba,https://www.imdb.com/title/tt0113824/,movie,8.8,111,1995,"Animation, Drama, Family, Romance",63618,1995/7/15,Yoshifumi Kondô
99,tt0892769,2016/9/27,2016/9/27,,How to Train Your Dragon,https://www.imdb.com/title/tt0892769/,movie,9.1,98,2010,"Animation, Action, Adventure, Comedy, Family, Fantasy",740186,2010/3/18,"Chris Sanders, Dean DeBlois"
100,tt0765128,2016/9/27,2016/9/27,,Océans,https://www.imdb.com/title/tt0765128/,movie,8.9,104,2009,Documentary,9791,2009/10/13,"Jacques Cluzaud, Jacques Perrin"
101,tt0110322,2016/9/27,2016/9/27,,Legends of the Fall,https://www.imdb.com/title/tt0110322/,movie,8.9,133,1994,"Drama, Romance, War, Western",168493,1994/12/23,Edward Zwick
102,tt2278388,2016/9/27,2016/9/27,,The Grand Budapest Hotel,https://www.imdb.com/title/tt2278388/,movie,8.8,99,2014,"Adventure, Comedy, Crime",808713,2014/2/6,Wes Anderson
103,tt0388795,2016/9/27,2016/9/27,,Brokeback Mountain,https://www.imdb.com/title/tt0388795/,movie,9.0,134,2005,"Drama, Romance",358873,2005/9/2,Ang Lee
104,tt0264464,2016/9/27,2016/9/27,,Catch Me If You Can,https://www.imdb.com/title/tt0264464/,movie,8.7,141,2002,"Biography, Crime, Drama",980491,2002/12/16,Steven Spielberg
105,tt1683526,2016/9/27,2016/9/27,,Detachment,https://www.imdb.com/title/tt1683526/,movie,8.8,98,2011,Drama,87194,2011/4/25,Tony Kaye
106,tt0027977,2016/9/27,2016/9/27,,Modern Times,https://www.imdb.com/title/tt0027977/,movie,8.9,87,1936,"Comedy, Drama, Romance",243212,1936/2/5,Charles Chaplin
107,tt0362227,2016/9/27,2016/9/27,,The Terminal,https://www.imdb.com/title/tt0362227/,movie,8.9,128,2004,"Comedy, Drama, Romance",461382,2004/6/9,Steven Spielberg
108,tt2106476,2016/9/27,2016/9/27,,Jagten,https://www.imdb.com/title/tt2106476/,movie,9.0,115,2012,Drama,331019,2012/5/20,Thomas Vinterberg
109,tt0060474,2016/9/27,2016/9/27,,La grande vadrouille,https://www.imdb.com/title/tt0060474/,movie,8.7,132,1966,"Adventure, Comedy, War",18396,1966/12/8,Gérard Oury
110,tt0387564,2016/9/27,2016/9/27,,Saw,https://www.imdb.com/title/tt0387564/,movie,9.0,103,2004,"Horror, Mystery, Thriller",424098,2004/1/19,James Wan
111,tt1323594,2016/9/27,2016/9/27,,Despicable Me,https://www.imdb.com/title/tt1323594/,movie,8.8,95,2010,"Animation, Adventure, Comedy, Crime, Family, Sci-Fi",548879,2010/6/20,"Chris Renaud, Pierre Coffin"
112,tt0199683,2016/9/27,2016/9/27,,Kikujirô no natsu,https://www.imdb.com/title/tt0199683/,movie,9.0,122,1999,"Drama, Comedy",20929,1999/5/20,Takeshi Kitano
113,tt0440963,2016/9/27,2016/9/27,,The Bourne Ultimatum,https://www.imdb.com/title/tt0440963/,movie,8.9,115,2007,"Action, Mystery, Thriller",636091,2007/7/25,Paul Greengrass
114,tt0314331,2016/9/27,2016/9/27,,Love Actually,https://www.imdb.com/title/tt0314331/,movie,8.6,135,2003,"Comedy, Drama, Romance",485120,2003/11/6,Richard Curtis
115,tt1568921,2016/9/27,2016/9/27,,Karigurashi no Arietty,https://www.imdb.com/title/tt1568921/,movie,8.9,94,2010,"Animation, Adventure, Drama, Family, Fantasy",93695,2010/7/17,Hiromasa Yonebayashi
116,tt0095953,2016/9/27,2016/9/27,,Rain Man,https://www.imdb.com/title/tt0095953/,movie,8.9,133,1988,Drama,515644,1988/12/12,Barry Levinson
117,tt1010048,2016/9/27,2016/9/27,,Slumdog Millionaire,https://www.imdb.com/title/tt1010048/,movie,8.7,120,2008,"Crime, Drama, Romance",846131,2008/8/30,"Loveleen Tandan, Danny Boyle"
118,tt1602572,2016/9/27,2016/9/27,,Sui yuet san tau,https://www.imdb.com/title/tt1602572/,movie,8.8,117,2010,"Comedy, Drama, Romance",2163,2010/2/14,Alex Law
119,tt0209144,2016/9/27,2016/9/27,,Memento,https://www.imdb.com/title/tt0209144/,movie,8.7,113,2000,"Mystery, Thriller",1236330,2000/9/5,Christopher Nolan
120,tt0481499,2016/9/27,2016/9/27,,The Croods,https://www.imdb.com/title/tt0481499/,movie,8.8,98,2013,"Animation, Adventure, Comedy, Family, Fantasy",216441,2013/2/15,"Chris Sanders, Kirk DeMicco"
121,tt0109688,2016/9/27,2016/9/27,,Dung che sai duk,https://www.imdb.com/title/tt0109688/,movie,8.8,100,1994,"Action, Drama",15769,1994/9/12,Kar-Wai Wong
123,tt0093978,2016/9/27,2016/9/27,,Sien lui yau wan,https://www.imdb.com/title/tt0093978/,movie,8.8,98,1987,"Action, Fantasy, Horror",10268,1987/7/18,Siu-Tung Ching
124,tt0808506,2016/9/27,2016/9/27,,Toki o kakeru shôjo,https://www.imdb.com/title/tt0808506/,movie,9.1,98,2006,"Animation, Adventure, Comedy, Drama, Family, Fantasy, Mystery, Romance, Sci-Fi",66982,2006/7/15,Mamoru Hosoda
125,tt0241527,2016/9/27,2016/9/27,,Harry Potter and the Sorcerer's Stone,https://www.imdb.com/title/tt0241527/,movie,8.9,152,2001,"Adventure, Family, Fantasy",779425,2001/11/4,Chris Columbus
126,tt0914798,2016/9/27,2016/9/27,,The Boy in the Striped Pajamas,https://www.imdb.com/title/tt0914798/,movie,8.7,94,2008,"Drama, War",220787,2008/8/28,Mark Herman
127,tt0033238,2016/9/27,2016/9/27,,Waterloo Bridge,https://www.imdb.com/title/tt0033238/,movie,8.7,108,1940,"Drama, Romance, War",10239,1940/5/17,Mervyn LeRoy
128,tt0198781,2016/9/27,2016/9/27,,"Monsters, Inc.",https://www.imdb.com/title/tt0198781/,movie,8.7,92,2001,"Animation, Adventure, Comedy, Family, Fantasy",908401,2001/10/28,"David Silverman, Pete Docter, Lee Unkrich"
129,tt0332280,2016/9/27,2016/9/27,,The Notebook,https://www.imdb.com/title/tt0332280/,movie,8.8,123,2004,"Drama, Romance",574243,2004/5/20,Nick Cassavetes
130,tt0093389,2016/9/27,2016/9/27,,The Last Emperor,https://www.imdb.com/title/tt0093389/,movie,8.8,163,1987,"Biography, Drama, History",104400,1987/10/4,Bernardo Bertolucci
131,tt0117951,2016/9/27,2016/9/27,,Trainspotting,https://www.imdb.com/title/tt0117951/,movie,8.8,93,1996,Drama,687897,1996/2/23,Danny Boyle
132,tt0395169,2016/9/27,2016/9/27,,Hotel Rwanda,https://www.imdb.com/title/tt0395169/,movie,8.8,121,2004,"Biography, Drama, History, War",356673,2004/9/11,Terry George
133,tt0353969,2016/9/27,2016/9/27,,Salinui chueok,https://www.imdb.com/title/tt0353969/,movie,8.8,131,2003,"Crime, Drama, Mystery, Thriller",185345,2003/5/2,Bong Joon Ho
134,tt0947798,2016/9/27,2016/9/27,,Black Swan,https://www.imdb.com/title/tt0947798/,movie,9.1,108,2010,"Drama, Thriller",767995,2010/9/1,Darren Aronofsky
135,tt2267998,2016/9/27,2016/9/27,,Gone Girl,https://www.imdb.com/title/tt2267998/,movie,8.6,149,2014,"Drama, Mystery, Thriller",981355,2014/9/26,David Fincher
136,tt0983213,2016/9/27,2016/9/27,,Byôsoku 5 senchimêtoru,https://www.imdb.com/title/tt0983213/,movie,8.7,63,2007,"Animation, Drama, Family, Romance",58723,2007/3/3,Makoto Shinkai
137,tt0107808,2016/9/27,2016/9/27,,A Perfect World,https://www.imdb.com/title/tt0107808/,movie,8.6,138,1993,"Crime, Drama, Thriller",81716,1993/11/24,Clint Eastwood
138,tt0414387,2016/9/27,2016/9/27,,Pride & Prejudice,https://www.imdb.com/title/tt0414387/,movie,9.5,129,2005,"Drama, Romance",298092,2005/7/25,Joe Wright
139,tt0099674,2016/9/27,2016/9/27,,The Godfather Part III,https://www.imdb.com/title/tt0099674/,movie,8.8,162,1990,"Crime, Drama",398418,1990/12/20,Francis Ford Coppola
140,tt0435761,2016/9/27,2016/9/27,,Toy Story 3,https://www.imdb.com/title/tt0435761/,movie,8.7,103,2010,"Animation, Adventure, Comedy, Family, Fantasy",835721,2010/6/12,Lee Unkrich
141,tt2990738,2016/9/27,2016/9/27,,Deu tae-ro ra-i-beu,https://www.imdb.com/title/tt2990738/,movie,8.6,97,2013,"Crime, Drama, Thriller",7332,2013/7/26,Byung-woo Kim
142,tt0092263,2016/9/27,2016/9/27,,Ying hung boon sik,https://www.imdb.com/title/tt0092263/,movie,8.9,95,1986,"Action, Crime, Drama, Thriller",23502,1986/8/2,John Woo
143,tt0851578,2016/9/27,2016/9/27,,Paprika,https://www.imdb.com/title/tt0851578/,movie,8.7,90,2006,"Animation, Drama, Fantasy, Mystery, Sci-Fi, Thriller",84550,2006/9/2,Satoshi Kon
144,tt0277027,2016/9/27,2016/9/27,,I Am Sam,https://www.imdb.com/title/tt0277027/,movie,9.2,132,2001,Drama,150946,2001/12/3,Jessie Nelson
145,tt0212720,2016/9/27,2016/9/27,,A.I. Artificial Intelligence,https://www.imdb.com/title/tt0212720/,movie,8.9,146,2001,"Drama, Sci-Fi",309347,2001/6/26,Steven Spielberg
146,tt0045152,2016/9/27,2016/9/27,,Singin' in the Rain,https://www.imdb.com/title/tt0045152/,movie,8.9,103,1952,"Comedy, Musical, Romance",243406,1952/3/27,"Gene Kelly, Stanley Donen"
147,tt0396171,2016/9/27,2016/9/27,,Perfume: The Story of a Murderer,https://www.imdb.com/title/tt0396171/,movie,8.7,147,2006,"Crime, Drama, Fantasy",252533,2006/9/7,Tom Tykwer
148,tt0101020,2016/9/27,2016/9/27,,Chung hang sei hoi,https://www.imdb.com/title/tt0101020/,movie,8.9,108,1991,"Action, Comedy, Crime, Thriller",6737,1991/2/2,John Woo
149,tt0268380,2016/9/27,2016/9/27,,Ice Age,https://www.imdb.com/title/tt0268380/,movie,8.7,81,2002,"Animation, Adventure, Comedy, Family",484625,2002/3/12,"Chris Wedge, Carlos Saldanha"
150,tt0375679,2016/9/27,2016/9/27,,Crash,https://www.imdb.com/title/tt0375679/,movie,8.7,112,2004,"Crime, Drama, Thriller",437678,2004/9/10,Paul Haggis
151,tt2061702,2016/9/27,2016/9/27,,Hotarubi no mori e,https://www.imdb.com/title/tt2061702/,movie,9.2,45,2011,"Animation, Drama, Fantasy",18827,2011/9/17,Takahiro _mori
152,tt0095250,2016/9/27,2016/9/27,,Le grand bleu,https://www.imdb.com/title/tt0095250/,movie,9.1,168,1988,"Adventure, Drama, Sport",52220,1988/5/11,Luc Besson
153,tt1063669,2016/9/27,2016/9/27,,Die Welle,https://www.imdb.com/title/tt1063669/,movie,8.8,107,2008,"Drama, Thriller",110085,2008/1/18,Dennis Gansel
154,tt0107156,2016/9/27,2016/9/27,,Xi yan,https://www.imdb.com/title/tt0107156/,movie,8.7,106,1993,"Comedy, Drama, Romance",15917,1993/2/28,Ang Lee
155,tt0976051,2016/9/27,2016/9/27,,The Reader,https://www.imdb.com/title/tt0976051/,movie,8.9,124,2008,"Drama, Romance",247159,2008/12/10,Stephen Daldry
156,tt0154506,2016/9/27,2016/9/27,,Following,https://www.imdb.com/title/tt0154506/,movie,8.5,69,1998,"Crime, Mystery, Thriller",94079,1998/4/24,Christopher Nolan
157,tt1131729,2016/9/27,2016/9/27,,The Boat That Rocked,https://www.imdb.com/title/tt1131729/,movie,8.7,135,2009,"Comedy, Drama, Music",112409,2009/4/1,Richard Curtis
158,tt0386651,2016/9/27,2016/9/27,,Kekexili,https://www.imdb.com/title/tt0386651/,movie,8.8,85,2004,"Action, Drama",5189,2004/10/1,Chuan Lu
159,tt0180093,2016/9/27,2016/9/27,,Requiem for a Dream,https://www.imdb.com/title/tt0180093/,movie,8.7,102,2000,Drama,841831,2000/5/14,Darren Aronofsky
160,tt0399295,2016/9/27,2016/9/27,,Lord of War,https://www.imdb.com/title/tt0399295/,movie,8.7,122,2005,"Crime, Drama",319685,2005/9/16,Andrew Niccol
161,tt1201607,2016/9/27,2016/9/27,,Harry Potter and the Deathly Hallows - Part 2,https://www.imdb.com/title/tt1201607/,movie,8.7,130,2011,"Adventure, Family, Fantasy, Mystery",874104,2011/7/7,David Yates
162,tt0042876,2016/9/27,2016/9/27,,Rashômon,https://www.imdb.com/title/tt0042876/,movie,8.7,88,1950,"Crime, Drama, Mystery",169524,1950/8/26,Akira Kurosawa
163,tt3474600,2016/9/27,2016/9/27,,Ritoru foresuto: Natsu/Aki,https://www.imdb.com/title/tt3474600/,movie,8.8,111,2014,Drama,3009,2014/8/30,Jun'ichi Mori
164,tt2659414,2016/9/27,2016/9/27,,7-beon-bang-ui seon-mul,https://www.imdb.com/title/tt2659414/,movie,8.7,127,2013,"Comedy, Drama",20974,2013/1/23,Hwan-kyung Lee
165,tt0301727,2016/9/27,2016/9/27,,Le peuple migrateur,https://www.imdb.com/title/tt0301727/,movie,8.8,98,2001,Documentary,12003,2001/12/12,"Jacques Cluzaud, Michel Debats, Jacques Perrin"
166,tt0758758,2016/9/27,2016/9/27,,Into the Wild,https://www.imdb.com/title/tt0758758/,movie,8.9,148,2007,"Adventure, Biography, Drama",624109,2007/9/1,Sean Penn
167,tt1832382,2016/9/27,2016/9/27,,Jodaeiye Nader az Simin,https://www.imdb.com/title/tt1832382/,movie,8.6,123,2011,Drama,245927,2011/2/1,Asghar Farhadi
168,tt0188766,2016/9/27,2016/9/27,,Hei kek ji wong,https://www.imdb.com/title/tt0188766/,movie,8.6,85,1999,"Comedy, Drama, Romance",7383,1999/2/13,"Lik-Chi Lee, Stephen Chow"
169,tt0258463,2016/9/27,2016/9/27,,The Bourne Identity,https://www.imdb.com/title/tt0258463/,movie,8.6,119,2002,"Action, Mystery, Thriller",548491,2002/6/6,Doug Liman
170,tt0372183,2016/9/27,2016/9/27,,The Bourne Supremacy,https://www.imdb.com/title/tt0372183/,movie,8.4,108,2004,"Action, Mystery, Thriller",465365,2004/7/16,Paul Greengrass
171,tt0118694,2016/9/27,2016/9/27,,Fa yeung nin wah,https://www.imdb.com/title/tt0118694/,movie,8.6,98,2000,"Drama, Romance",151100,2000/5/20,Kar-Wai Wong
172,tt0117797,2016/9/27,2016/9/27,,Suwarôteiru,https://www.imdb.com/title/tt0117797/,movie,8.7,148,1996,"Crime, Drama",4059,1996/9/4,Shunji Iwai
173,tt0117500,2016/9/27,2016/9/27,,The Rock,https://www.imdb.com/title/tt0117500/,movie,8.7,136,1996,"Action, Adventure, Thriller",340157,1996/6/3,Michael Bay
174,tt0120689,2016/9/27,2016/9/27,,The Green Mile,https://www.imdb.com/title/tt0120689/,movie,8.6,189,1999,"Crime, Drama, Fantasy, Mystery",1298323,1999/12/6,Frank Darabont
175,tt0986264,2016/9/27,2016/9/27,,Taare Zameen Par,https://www.imdb.com/title/tt0986264/,movie,8.8,165,2007,"Drama, Family",194255,2007/12/21,"Aamir Khan, Amole Gupte"
176,tt2194499,2016/9/27,2016/9/27,,About Time,https://www.imdb.com/title/tt2194499/,movie,9.2,123,2013,"Comedy, Drama, Fantasy, Romance, Sci-Fi",352203,2013/6/27,Richard Curtis
177,tt0034583,2016/9/27,2016/9/27,,Casablanca,https://www.imdb.com/title/tt0034583/,movie,8.8,102,1942,"Drama, Romance, War",572056,1942/11/26,Michael Curtiz
178,tt0116209,2016/9/27,2016/9/27,,The English Patient,https://www.imdb.com/title/tt0116209/,movie,8.7,162,1996,"Drama, Romance, War",191561,1996/10/31,Anthony Minghella
179,tt0101258,2016/9/27,2016/9/27,,Ah Fei jing juen,https://www.imdb.com/title/tt0101258/,movie,8.6,100,1990,"Crime, Drama, Romance",22913,1990/12/15,Kar-Wai Wong
180,tt0108289,2016/9/27,2016/9/27,,Tong Pak Foo dim Chau Heung,https://www.imdb.com/title/tt0108289/,movie,8.7,102,1993,"Comedy, Romance",5502,1993/7/1,Lik-Chi Lee
181,tt1292594,2016/9/27,2016/9/27,,Front of the Class,https://www.imdb.com/title/tt1292594/,tvMovie,8.9,95,2008,Drama,7430,2008/12/7,Peter Werner
182,tt4078856,2016/9/27,2016/9/27,,Xin mi gong,https://www.imdb.com/title/tt4078856/,movie,8.9,119,2014,"Drama, Mystery",1893,2014/8/28,Yukun Xin
183,tt0119094,2016/9/27,2016/9/27,,Face/Off,https://www.imdb.com/title/tt0119094/,movie,8.7,138,1997,"Action, Crime, Sci-Fi, Thriller",379498,1997/6/19,John Woo
184,tt0054215,2016/9/27,2016/9/27,,Psycho,https://www.imdb.com/title/tt0054215/,movie,8.8,109,1960,"Horror, Mystery, Thriller",671904,1960/6/16,Alfred Hitchcock
185,tt0756683,2016/9/27,2016/9/27,,The Man from Earth,https://www.imdb.com/title/tt0756683/,movie,8.7,87,2007,"Drama, Fantasy, Mystery, Sci-Fi",188864,2007/6/10,Richard Schenkman
186,tt2245084,2016/9/27,2016/9/27,,Big Hero 6,https://www.imdb.com/title/tt2245084/,movie,8.8,102,2014,"Animation, Action, Adventure, Comedy, Family, Sci-Fi",462881,2014/10/23,"Don Hall, Chris Williams"
187,tt0166924,2016/9/27,2016/9/27,,Mulholland Dr.,https://www.imdb.com/title/tt0166924/,movie,8.6,147,2001,"Drama, Mystery, Thriller",357387,2001/5/16,David Lynch
188,tt0097814,2016/9/27,2016/9/27,,Majo no takkyûbin,https://www.imdb.com/title/tt0097814/,movie,8.5,103,1989,"Animation, Adventure, Family, Fantasy",145975,1989/7/29,Hayao Miyazaki
189,tt1345836,2016/9/27,2016/9/27,,The Dark Knight Rises,https://www.imdb.com/title/tt1345836/,movie,9.0,164,2012,"Action, Drama",1701010,2012/7/16,Christopher Nolan
190,tt1187064,2016/9/27,2016/9/27,,Triangle,https://www.imdb.com/title/tt1187064/,movie,8.6,99,2009,"Fantasy, Mystery, Sci-Fi, Thriller",117777,2009/8/27,Christopher Smith
191,tt0083866,2016/9/27,2016/9/27,,E.T. the Extra-Terrestrial,https://www.imdb.com/title/tt0083866/,movie,8.7,115,1982,"Adventure, Family, Sci-Fi",411030,1982/5/26,Steven Spielberg
192,tt1980929,2016/9/27,2016/9/27,,Begin Again,https://www.imdb.com/title/tt1980929/,movie,8.8,104,2013,"Comedy, Drama, Music, Romance",157882,2013/9/7,John Carney
193,tt0103064,2016/9/27,2016/9/27,,Terminator 2: Judgment Day,https://www.imdb.com/title/tt0103064/,movie,8.5,137,1991,"Action, Sci-Fi",1097238,1991/7/1,James Cameron
194,tt0066921,2016/9/27,2016/9/27,,A Clockwork Orange,https://www.imdb.com/title/tt0066921/,movie,8.9,136,1971,"Crime, Sci-Fi",830021,1971/12/19,Stanley Kubrick
195,tt0114814,2016/9/27,2016/9/27,,The Usual Suspects,https://www.imdb.com/title/tt0114814/,movie,8.6,106,1995,"Crime, Drama, Mystery, Thriller",1084094,1995/1/25,Bryan Singer
196,tt0080801,2016/9/27,2016/9/27,,The Gods Must Be Crazy,https://www.imdb.com/title/tt0080801/,movie,8.6,109,1980,"Adventure, Comedy",56765,1980/9/10,Jamie Uys
197,tt0907657,2016/9/27,2016/9/27,,Once,https://www.imdb.com/title/tt0907657/,movie,8.6,86,2007,"Drama, Music, Romance",117270,2007/1/20,John Carney
198,tt0046438,2016/9/27,2016/9/27,,Tôkyô monogatari,https://www.imdb.com/title/tt0046438/,movie,8.5,136,1953,Drama,62425,1953/11/3,Yasujirô Ozu
199,tt2327433,2016/9/27,2016/9/27,,Na Zha nao dong hai,https://www.imdb.com/title/tt2327433/,movie,9.0,,1957,"Adventure, Fantasy",12,1957/1/10,Peng Hu
200,tt0312841,2016/9/27,2016/9/27,,Jibeuro,https://www.imdb.com/title/tt0312841/,movie,8.8,80,2002,Drama,5584,2002/4/5,Jeong-hyang Lee
201,tt0790636,2016/9/27,2016/9/27,,Dallas Buyers Club,https://www.imdb.com/title/tt0790636/,movie,8.7,117,2013,"Biography, Drama",489888,2013/9/7,Jean-Marc Vallée
202,tt0103074,2016/9/27,2016/9/27,,Thelma & Louise,https://www.imdb.com/title/tt0103074/,movie,8.8,130,1991,"Adventure, Crime, Drama",156883,1991/5/20,Ridley Scott
203,tt0945513,2016/9/27,2016/9/27,,Source Code,https://www.imdb.com/title/tt0945513/,movie,8.8,93,2011,"Action, Drama, Mystery, Sci-Fi, Thriller",522330,2011/3/11,Duncan Jones
204,tt0169547,2016/9/27,2016/9/27,,American Beauty,https://www.imdb.com/title/tt0169547/,movie,8.7,122,1999,Drama,1154246,1999/9/8,Sam Mendes
205,tt0093132,2016/9/27,2016/9/27,,Hachikô monogatari,https://www.imdb.com/title/tt0093132/,movie,8.4,107,1987,"Biography, Drama, Family",5372,1987/8/1,Seijirô Kôyama
206,tt0364517,2016/9/27,2016/9/27,,Jeux d'enfants,https://www.imdb.com/title/tt0364517/,movie,9.1,93,2003,"Comedy, Drama, Romance",70468,2003/8/29,Yann Samuell
207,tt1853728,2016/9/27,2016/9/27,,Django Unchained,https://www.imdb.com/title/tt1853728/,movie,8.8,165,2012,"Drama, Western",1548640,2012/12/11,Quentin Tarantino
208,tt0333764,2016/9/27,2016/9/27,,Lan se da men,https://www.imdb.com/title/tt0333764/,movie,8.8,85,2002,"Drama, Romance",4022,2002/5/31,Chih-yen Yee
209,tt0242653,2016/9/27,2016/9/27,,The Matrix Revolutions,https://www.imdb.com/title/tt0242653/,movie,8.8,129,2003,"Action, Sci-Fi",514866,2003/10/27,"Lilly Wachowski, Lana Wachowski"
210,tt0060196,2016/9/27,2016/9/27,,"Il buono, il brutto, il cattivo",https://www.imdb.com/title/tt0060196/,movie,8.8,161,1966,"Adventure, Western",760971,1966/12/23,Sergio Leone
211,tt0105859,2016/9/27,2016/9/27,,San lung moon hak chan,https://www.imdb.com/title/tt0105859/,movie,8.6,88,1992,"Action, Thriller",4460,1992/8/27,"Hark Tsui, Siu-Tung Ching, Raymond Lee"
212,tt3011894,2016/9/27,2016/9/27,,Relatos salvajes,https://www.imdb.com/title/tt3011894/,movie,9.3,122,2014,"Comedy, Drama, Thriller",199392,2014/5/17,Damián Szifron
213,tt1859438,2016/9/27,2016/9/27,,Sing lek lek tee reak wa rak,https://www.imdb.com/title/tt1859438/,movie,8.8,118,2010,"Comedy, Romance",5570,2010/8/12,"Puttipong Pormsaka Na-Sakonnakorn, Wasin Pokpong"
214,tt1291584,2016/9/27,2016/9/27,,Warrior,https://www.imdb.com/title/tt1291584/,movie,8.6,140,2011,"Action, Drama, Sport",473511,2011/9/9,Gavin O'Connor
215,tt0101985,2016/9/27,2016/9/27,,Gu ling jie shao nian sha ren shi jian,https://www.imdb.com/title/tt0101985/,movie,8.6,237,1991,"Crime, Drama, Romance",10780,1991/7/27,Edward Yang
216,tt0329485,2016/9/27,2016/9/27,,Le papillon,https://www.imdb.com/title/tt0329485/,movie,8.5,85,2002,"Adventure, Comedy, Drama",3158,2002/12/18,Philippe Muyl
217,tt0106559,2016/9/27,2016/9/27,,Ching se,https://www.imdb.com/title/tt0106559/,movie,8.4,99,1993,"Drama, Fantasy",3216,1993/11/4,Hark Tsui
218,tt1264904,2016/9/27,2016/9/27,,Le Petit Nicolas,https://www.imdb.com/title/tt1264904/,movie,8.5,91,2009,"Comedy, Family",13435,2009/9/30,Laurent Tirard
219,tt0338013,2016/9/27,2016/9/27,,Eternal Sunshine of the Spotless Mind,https://www.imdb.com/title/tt0338013/,movie,8.5,108,2004,"Drama, Romance, Sci-Fi",1006812,2004/3/9,Michel Gondry
220,tt0312941,2016/9/27,2016/9/27,,Mak Dau goo si,https://www.imdb.com/title/tt0312941/,movie,8.5,75,2001,"Animation, Comedy, Drama, Family",1157,2001/12/15,Toe Yuen
221,tt0361748,2016/9/27,2016/9/27,,Inglourious Basterds,https://www.imdb.com/title/tt0361748/,movie,8.5,153,2009,"Adventure, Drama, War",1444721,2009/5/20,Quentin Tarantino
222,tt0099348,2016/9/27,2016/9/27,,Dances with Wolves,https://www.imdb.com/title/tt0099348/,movie,8.6,181,1990,"Adventure, Drama, Western",266810,1990/10/19,Kevin Costner
223,tt1152282,2016/9/27,2016/9/27,,Rak haeng Siam,https://www.imdb.com/title/tt1152282/,movie,8.7,178,2007,"Drama, Mystery, Romance",4097,2007/11/22,Chookiat Sakveerakul
224,tt0156887,2016/9/27,2016/9/27,,Pâfekuto burû,https://www.imdb.com/title/tt0156887/,movie,8.7,81,1997,"Animation, Crime, Drama, Mystery, Thriller",78028,1997/8/5,Satoshi Kon
225,tt0021749,2016/9/27,2016/9/27,,City Lights,https://www.imdb.com/title/tt0021749/,movie,8.9,87,1931,"Comedy, Drama, Romance",185437,1931/1/30,Charles Chaplin
226,tt0110148,2016/9/27,2016/9/27,,Interview with the Vampire: The Vampire Chronicles,https://www.imdb.com/title/tt0110148/,movie,8.7,123,1994,"Drama, Fantasy, Horror",326177,1994/11/9,Neil Jordan
227,tt0140888,2016/9/27,2016/9/27,,Central do Brasil,https://www.imdb.com/title/tt0140888/,movie,8.6,110,1998,Drama,40089,1998/1/16,Walter Salles
228,tt1772341,2016/9/27,2016/9/27,,Wreck-It Ralph,https://www.imdb.com/title/tt1772341/,movie,8.6,101,2012,"Animation, Adventure, Comedy, Family, Fantasy, Sci-Fi",424445,2012/11/1,Rich Moore
229,tt0825232,2016/9/27,2016/9/27,,The Bucket List,https://www.imdb.com/title/tt0825232/,movie,8.6,97,2007,"Adventure, Comedy, Drama",247495,2007/12/16,Rob Reiner
230,tt0208092,2016/9/27,2016/9/27,,Snatch,https://www.imdb.com/title/tt0208092/,movie,8.8,104,2000,"Comedy, Crime",856092,2000/8/23,Guy Ritchie
231,tt0289992,2016/9/27,2016/9/27,,The Life of David Gale,https://www.imdb.com/title/tt0289992/,movie,8.5,130,2003,"Crime, Drama, Thriller",121453,2003/2/7,Alan Parker
232,tt0401792,2016/9/27,2016/9/27,,Sin City,https://www.imdb.com/title/tt0401792/,movie,8.5,124,2005,"Crime, Thriller",770584,2005/3/28,"Frank Miller, Quentin Tarantino, Robert Rodriguez"
233,tt1504320,2016/9/27,2016/9/27,,The King's Speech,https://www.imdb.com/title/tt1504320/,movie,8.6,118,2010,"Biography, Drama, History",681702,2010/9/6,Tom Hooper
234,tt0450259,2016/9/27,2016/9/27,,Blood Diamond,https://www.imdb.com/title/tt0450259/,movie,8.7,143,2006,"Adventure, Drama, Thriller",551335,2006/12/6,Edward Zwick
235,tt0162222,2016/9/27,2016/9/27,,Cast Away,https://www.imdb.com/title/tt0162222/,movie,8.5,143,2000,"Adventure, Drama, Romance",593311,2000/12/7,Robert Zemeckis
236,tt2582802,2016/9/27,2016/9/27,,Whiplash,https://www.imdb.com/title/tt2582802/,movie,8.4,106,2014,"Drama, Music",857251,2014/1/16,Damien Chazelle
237,tt1182345,2016/9/27,2016/9/27,,Moon,https://www.imdb.com/title/tt1182345/,movie,8.5,97,2009,"Drama, Mystery, Sci-Fi",360682,2009/1/23,Duncan Jones
238,tt1772925,2016/9/27,2016/9/27,,Jiro Dreams of Sushi,https://www.imdb.com/title/tt1772925/,movie,8.6,81,2011,Documentary,36357,2011/6/15,David Gelb
239,tt0119177,2016/9/27,2016/9/27,,Gattaca,https://www.imdb.com/title/tt0119177/,movie,9.2,106,1997,"Drama, Sci-Fi, Thriller",306179,1997/9/7,Andrew Niccol
240,tt1862020,2016/9/27,2016/9/27,,Geu-dae-leul sa-rang-hab-ni-da,https://www.imdb.com/title/tt1862020/,movie,8.8,118,2011,"Drama, Romance",507,2011/2/17,Chang-min Choo
241,tt0172495,2016/9/27,2016/9/27,,Gladiator,https://www.imdb.com/title/tt0172495/,movie,8.3,155,2000,"Action, Adventure, Drama",1496784,2000/5/1,Ridley Scott
242,tt0220644,2016/9/27,2016/9/27,,Cheung foh,https://www.imdb.com/title/tt0220644/,movie,8.9,84,1999,Action,5680,1999/11/19,Johnnie To
243,tt0112579,2016/9/27,2016/9/27,,The Bridges of Madison County,https://www.imdb.com/title/tt0112579/,movie,8.8,135,1995,"Drama, Romance",82769,1995/5/30,Clint Eastwood
244,tt0400761,2016/9/27,2016/9/27,,Quill,https://www.imdb.com/title/tt0400761/,movie,8.7,100,2004,Drama,1695,2004/3/13,Yôichi Sai
245,tt0108550,2016/9/27,2016/9/27,,What's Eating Gilbert Grape,https://www.imdb.com/title/tt0108550/,movie,8.7,118,1993,Drama,239028,1993/10/1,Lasse Hallström
246,tt3474602,2016/9/27,2016/9/27,,Ritoru foresuto: Fuyu/Haru,https://www.imdb.com/title/tt3474602/,movie,9.0,120,2015,Drama,2520,2015/1/28,Jun'ichi Mori
247,tt0843270,2016/9/27,2016/9/27,,Feng kuang de shi tou,https://www.imdb.com/title/tt0843270/,movie,8.7,98,2006,"Comedy, Crime, Drama",4029,2006/6/30,Hao Ning
248,tt0757376,2016/9/27,2016/9/27,,Wo men lia,https://www.imdb.com/title/tt0757376/,movie,8.6,88,2005,Drama,483,2005/10/31,Liwen Ma
249,tt0348568,2016/9/27,2016/9/27,,Keulraesik,https://www.imdb.com/title/tt0348568/,movie,8.9,127,2003,"Drama, Romance",9480,2003/1/30,Jae-young Kwak
250,tt1596343,2016/9/27,2016/9/27,,Fast Five,https://www.imdb.com/title/tt1596343/,movie,8.6,130,2011,"Action, Crime, Thriller",382824,2011/4/15,Justin Lin
,,,,,,,,8.6,,,,,,